{
  "window_title": "\u4e94\u5b50\u8fde\u73e05.2",
  "window_rect": [
    0,
    0,
    620,
    420
  ],
  "board_rect": [
    139,
    42,
    325,
    320
  ],
  "high_score_rect": [
    26,
    13,
    65,
    18
  ],
  "current_score_rect": [
    512,
    14,
    65,
    17
  ],
  "next_balls_rect": [
    249,
    5,
    106,
    33
  ],
  "cell_size": [
    36.111111111111114,
    35.55555555555556
  ]
}